"id","device_id","asset_id","location_id","operation_mode_id","start","end","created_at","updated_at","version","expected_duration","asset_name","hardware_id","location_name","operation_mode_name"
4277522,5427,5426,1783,2,2022-06-12 16:48:52.000,2022-06-12 18:38:29.000,2022-06-12 16:48:58.537,2022-06-12 18:50:29.950,2,,GTX 6,"354616090360277",Sand Hollow,RENT
4184800,5427,5426,1783,2,2022-05-28 20:13:55.000,2022-05-28 22:19:20.000,2022-05-28 20:14:01.646,2022-05-28 22:30:05.525,2,,GTX 6,"354616090360277",Sand Hollow,RENT
4190383,5427,5426,1783,2,2022-05-29 16:52:56.000,2022-05-29 17:03:00.000,2022-05-29 16:53:02.444,2022-05-29 17:13:48.860,2,,GTX 6,"354616090360277",Sand Hollow,RENT
4190546,5427,5426,1783,2,2022-05-29 17:15:22.000,2022-05-29 17:32:59.000,2022-05-29 17:15:28.955,2022-05-29 17:33:05.935,2,,GTX 6,"354616090360277",Sand Hollow,RENT
4190723,5427,5426,1783,2,2022-05-29 17:52:16.000,2022-05-29 18:11:08.000,2022-05-29 17:52:22.613,2022-05-29 18:11:14.683,2,,GTX 6,"354616090360277",Sand Hollow,RENT
4190916,5427,5426,1783,2,2022-05-29 18:51:48.000,2022-05-29 19:15:05.000,2022-05-29 18:51:55.033,2022-05-29 19:15:12.127,2,,GTX 6,"354616090360277",Sand Hollow,RENT
4191017,5427,5426,1783,2,2022-05-29 19:21:13.000,2022-05-29 19:31:59.000,2022-05-29 19:21:19.826,2022-05-29 19:42:26.595,2,,GTX 6,"354616090360277",Sand Hollow,RENT
4195342,5427,5426,1783,2,2022-05-30 19:31:08.000,2022-05-30 19:38:16.000,2022-05-30 19:31:18.349,2022-05-30 19:48:36.749,2,,GTX 6,"354616090360277",Sand Hollow,RENT
4195451,5427,5426,1783,2,2022-05-30 20:15:38.000,2022-05-30 20:51:28.000,2022-05-30 20:15:47.643,2022-05-30 21:01:52.806,2,,GTX 6,"354616090360277",Sand Hollow,RENT
4195630,5427,5426,1783,2,2022-05-30 21:02:31.000,2022-05-30 21:31:20.000,2022-05-30 21:02:37.428,2022-05-30 21:31:27.176,2,,GTX 6,"354616090360277",Sand Hollow,RENT
4195734,5427,5426,1783,2,2022-05-30 21:34:01.000,2022-05-30 22:06:54.000,2022-05-30 21:34:08.039,2022-05-30 22:17:13.945,2,,GTX 6,"354616090360277",Sand Hollow,RENT
4195859,5427,5426,1783,2,2022-05-30 22:29:06.000,2022-05-31 00:07:11.000,2022-05-30 22:29:13.645,2022-05-31 00:07:17.573,2,,GTX 6,"354616090360277",Sand Hollow,RENT
4196098,5427,5426,1783,1,2022-05-31 01:32:41.000,2022-05-31 02:29:28.000,2022-05-31 01:32:47.975,2022-05-31 02:29:34.402,2,,GTX 6,"354616090360277",Sand Hollow,MASTER
4196030,5427,5426,1783,1,2022-05-31 00:18:14.000,2022-05-31 01:30:49.000,2022-05-31 00:18:21.792,2022-05-31 01:30:56.493,2,,GTX 6,"354616090360277",Sand Hollow,MASTER
4205931,5427,5426,1783,2,2022-06-01 18:39:49.000,2022-06-01 20:32:00.000,2022-06-01 18:39:55.733,2022-06-01 20:32:07.066,2,,GTX 6,"354616090360277",Sand Hollow,RENT
4217993,5427,5426,1783,2,2022-06-03 20:52:51.000,2022-06-03 21:46:37.000,2022-06-03 20:52:58.534,2022-06-03 21:57:27.690,2,,GTX 6,"354616090360277",Sand Hollow,RENT
4218144,5427,5426,1783,2,2022-06-03 22:24:14.000,2022-06-03 22:40:10.000,2022-06-03 22:24:21.139,2022-06-03 22:50:30.490,2,,GTX 6,"354616090360277",Sand Hollow,RENT
4224792,5427,5426,1783,2,2022-06-04 17:28:16.000,2022-06-04 21:27:32.000,2022-06-04 17:28:22.344,2022-06-04 21:27:39.622,2,14400,GTX 6,"354616090360277",Sand Hollow,RENT
4225898,5427,5426,1783,2,2022-06-04 23:21:47.000,2022-06-05 01:20:19.000,2022-06-04 23:21:54.453,2022-06-05 01:26:58.845,2,,GTX 6,"354616090360277",Sand Hollow,RENT
4233385,5427,5426,1783,2,2022-06-05 20:26:07.000,2022-06-05 22:29:40.000,2022-06-05 20:26:14.801,2022-06-05 22:29:46.913,2,,GTX 6,"354616090360277",Sand Hollow,RENT
4233752,5427,5426,1783,2,2022-06-05 22:53:03.000,2022-06-05 23:54:06.000,2022-06-05 22:53:09.261,2022-06-05 23:54:13.276,2,,GTX 6,"354616090360277",Sand Hollow,RENT
4246061,5427,5426,1783,2,2022-06-07 17:24:44.000,2022-06-07 17:38:56.000,2022-06-07 17:24:50.272,2022-06-07 17:39:02.638,2,,GTX 6,"354616090360277",Sand Hollow,RENT
4246153,5427,5426,1783,2,2022-06-07 17:41:07.000,2022-06-07 18:09:33.000,2022-06-07 17:41:13.654,2022-06-07 18:09:40.367,2,,GTX 6,"354616090360277",Sand Hollow,RENT
4246323,5427,5426,1783,2,2022-06-07 18:10:09.000,2022-06-07 18:45:23.000,2022-06-07 18:10:16.083,2022-06-07 18:45:30.331,2,,GTX 6,"354616090360277",Sand Hollow,RENT
4246463,5427,5426,1783,2,2022-06-07 18:49:26.000,2022-06-07 18:58:11.000,2022-06-07 18:49:33.586,2022-06-07 18:58:18.557,2,,GTX 6,"354616090360277",Sand Hollow,RENT
4246745,5427,5426,1783,2,2022-06-07 21:45:02.000,2022-06-07 22:33:41.000,2022-06-07 21:45:08.610,2022-06-07 22:43:54.232,2,,GTX 6,"354616090360277",Sand Hollow,RENT
4246860,5427,5426,1783,2,2022-06-07 22:50:09.000,2022-06-08 00:47:05.000,2022-06-07 22:50:16.010,2022-06-08 00:57:58.568,2,,GTX 6,"354616090360277",Sand Hollow,RENT
4262473,5427,5426,1783,2,2022-06-10 18:37:22.000,2022-06-10 20:48:53.000,2022-06-10 18:37:29.558,2022-06-10 20:59:17.078,2,,GTX 6,"354616090360277",Sand Hollow,RENT
4262810,5427,5426,1783,2,2022-06-10 21:02:11.000,2022-06-10 22:29:31.000,2022-06-10 21:02:17.385,2022-06-10 22:29:38.079,2,,GTX 6,"354616090360277",Sand Hollow,RENT
4269184,5427,5426,1783,2,2022-06-11 16:55:20.000,2022-06-11 17:07:50.000,2022-06-11 16:55:27.491,2022-06-11 17:18:10.573,2,,GTX 6,"354616090360277",Sand Hollow,RENT
4269679,5427,5426,1783,2,2022-06-11 17:38:16.000,2022-06-11 17:53:39.000,2022-06-11 17:38:23.015,2022-06-11 17:53:46.521,2,,GTX 6,"354616090360277",Sand Hollow,RENT
4269520,5427,5426,1783,2,2022-06-11 17:27:14.000,2022-06-11 17:35:23.000,2022-06-11 17:27:20.962,2022-06-11 17:35:30.364,2,,GTX 6,"354616090360277",Sand Hollow,RENT
4269899,5427,5426,1783,2,2022-06-11 18:02:49.000,2022-06-11 18:12:49.000,2022-06-11 18:02:56.644,2022-06-11 18:12:55.656,2,,GTX 6,"354616090360277",Sand Hollow,RENT
4269975,5427,5426,1783,2,2022-06-11 18:14:53.000,2022-06-11 18:26:55.000,2022-06-11 18:14:59.304,2022-06-11 18:27:02.193,2,,GTX 6,"354616090360277",Sand Hollow,RENT
4270069,5427,5426,1783,2,2022-06-11 18:30:30.000,2022-06-11 18:40:36.000,2022-06-11 18:30:36.571,2022-06-11 18:40:42.947,2,,GTX 6,"354616090360277",Sand Hollow,RENT
4270145,5427,5426,1783,2,2022-06-11 18:43:56.000,2022-06-11 19:11:12.000,2022-06-11 18:44:03.955,2022-06-11 19:11:18.538,2,,GTX 6,"354616090360277",Sand Hollow,RENT
4270282,5427,5426,1783,2,2022-06-11 19:14:09.000,2022-06-11 19:33:00.000,2022-06-11 19:14:15.870,2022-06-11 19:33:07.129,2,,GTX 6,"354616090360277",Sand Hollow,RENT
4270355,5427,5426,1783,2,2022-06-11 19:35:14.000,2022-06-11 19:45:21.000,2022-06-11 19:35:20.656,2022-06-11 19:45:27.306,2,,GTX 6,"354616090360277",Sand Hollow,RENT
4270393,5427,5426,1783,2,2022-06-11 19:47:48.000,2022-06-11 20:03:12.000,2022-06-11 19:47:54.856,2022-06-11 20:03:18.915,2,,GTX 6,"354616090360277",Sand Hollow,RENT
4270457,5427,5426,1783,2,2022-06-11 20:06:34.000,2022-06-11 20:17:16.000,2022-06-11 20:06:40.820,2022-06-11 20:17:23.835,2,,GTX 6,"354616090360277",Sand Hollow,RENT
4270504,5427,5426,1783,2,2022-06-11 20:20:12.000,2022-06-11 20:33:17.000,2022-06-11 20:20:19.586,2022-06-11 20:33:23.502,2,,GTX 6,"354616090360277",Sand Hollow,RENT
4270694,5427,5426,1783,2,2022-06-11 21:22:33.000,2022-06-11 22:56:06.000,2022-06-11 21:22:40.047,2022-06-11 22:56:13.576,2,,GTX 6,"354616090360277",Sand Hollow,RENT
4329796,5427,5426,1783,2,2022-06-18 16:26:41.000,2022-06-18 20:43:49.000,2022-06-18 16:26:48.961,2022-06-18 20:54:14.655,2,3600,GTX 6,"354616090360277",Sand Hollow,RENT
4341303,5427,5426,1783,2,2022-06-19 17:46:39.000,2022-06-19 19:27:09.000,2022-06-19 17:46:45.936,2022-06-19 19:40:09.766,2,14400,GTX 6,"354616090360277",Sand Hollow,RENT
4341969,5427,5426,1783,2,2022-06-19 19:42:23.000,2022-06-19 19:57:08.000,2022-06-19 19:42:29.263,2022-06-19 19:57:15.311,2,,GTX 6,"354616090360277",Sand Hollow,RENT
4342040,5427,5426,1783,2,2022-06-19 20:02:46.000,2022-06-19 20:32:08.000,2022-06-19 20:02:53.514,2022-06-19 20:32:15.082,2,,GTX 6,"354616090360277",Sand Hollow,RENT
4342164,5427,5426,1783,2,2022-06-19 20:37:06.000,2022-06-19 20:43:12.000,2022-06-19 20:37:12.559,2022-06-19 20:43:18.920,2,,GTX 6,"354616090360277",Sand Hollow,RENT
4342190,5427,5426,1783,2,2022-06-19 20:45:50.000,2022-06-19 21:04:01.000,2022-06-19 20:45:57.020,2022-06-19 21:04:08.194,2,,GTX 6,"354616090360277",Sand Hollow,RENT
4342278,5427,5426,1783,2,2022-06-19 21:06:50.000,2022-06-19 21:10:41.000,2022-06-19 21:06:57.770,2022-06-19 21:10:51.177,2,,GTX 6,"354616090360277",Sand Hollow,RENT
4342298,5427,5426,1783,2,2022-06-19 21:11:41.000,2022-06-19 21:22:35.000,2022-06-19 21:11:47.748,2022-06-19 21:22:46.438,2,,GTX 6,"354616090360277",Sand Hollow,RENT
4342343,5427,5426,1783,2,2022-06-19 21:26:42.000,2022-06-19 21:32:55.000,2022-06-19 21:26:48.708,2022-06-19 21:33:02.240,2,,GTX 6,"354616090360277",Sand Hollow,RENT
4342373,5427,5426,1783,2,2022-06-19 21:39:20.000,2022-06-19 21:47:12.000,2022-06-19 21:39:27.610,2022-06-19 21:53:24.606,2,,GTX 6,"354616090360277",Sand Hollow,RENT
4342421,5427,5426,1783,2,2022-06-19 21:56:41.000,2022-06-19 22:26:24.000,2022-06-19 21:56:47.630,2022-06-19 22:26:30.747,2,,GTX 6,"354616090360277",Sand Hollow,RENT
4350297,5427,5426,1783,2,2022-06-20 22:42:24.000,2022-06-21 00:11:00.000,2022-06-20 22:42:30.651,2022-06-21 00:11:07.189,2,,GTX 6,"354616090360277",Sand Hollow,RENT
4365076,5427,5426,1783,2,2022-06-22 19:18:09.000,2022-06-22 19:58:35.000,2022-06-22 19:18:15.571,2022-06-22 20:09:03.539,2,,GTX 6,"354616090360277",Sand Hollow,RENT
4365171,5427,5426,1783,2,2022-06-22 20:11:56.000,2022-06-22 20:30:08.000,2022-06-22 20:12:02.450,2022-06-22 20:30:20.532,2,,GTX 6,"354616090360277",Sand Hollow,RENT
4365275,5427,5426,1783,2,2022-06-22 21:06:31.000,2022-06-22 21:24:50.000,2022-06-22 21:06:37.830,2022-06-22 21:24:56.537,2,,GTX 6,"354616090360277",Sand Hollow,RENT
4365368,5427,5426,1783,2,2022-06-22 21:51:32.000,2022-06-22 22:02:41.000,2022-06-22 21:51:39.156,2022-06-22 22:13:00.526,2,,GTX 6,"354616090360277",Sand Hollow,RENT
4365437,5427,5426,1783,2,2022-06-22 22:36:35.000,2022-06-22 22:58:29.000,2022-06-22 22:36:41.535,2022-06-22 23:08:48.695,2,,GTX 6,"354616090360277",Sand Hollow,RENT
4373519,5427,5426,1783,2,2022-06-23 18:30:13.000,2022-06-23 19:24:48.000,2022-06-23 18:30:19.745,2022-06-23 19:35:06.705,2,,GTX 6,"354616090360277",Sand Hollow,RENT
4373740,5427,5426,1783,2,2022-06-23 19:39:57.000,2022-06-23 20:10:16.000,2022-06-23 19:40:04.484,2022-06-23 20:20:37.202,2,,GTX 6,"354616090360277",Sand Hollow,RENT
4373991,5427,5426,1783,2,2022-06-23 21:15:13.000,2022-06-24 00:37:52.000,2022-06-23 21:15:19.927,2022-06-24 00:37:59.933,2,,GTX 6,"354616090360277",Sand Hollow,RENT
4382633,5427,5426,1783,2,2022-06-24 15:55:08.000,2022-06-24 15:59:15.000,2022-06-24 15:55:15.631,2022-06-24 16:10:15.981,2,,GTX 6,"354616090360277",Sand Hollow,RENT
4383222,5427,5426,1783,2,2022-06-24 16:36:04.000,2022-06-24 16:47:59.000,2022-06-24 16:36:11.158,2022-06-24 16:48:06.615,2,,GTX 6,"354616090360277",Sand Hollow,RENT
4383598,5427,5426,1783,2,2022-06-24 17:02:07.000,2022-06-24 17:19:23.000,2022-06-24 17:02:14.744,2022-06-24 17:19:30.698,2,,GTX 6,"354616090360277",Sand Hollow,RENT
4383880,5427,5426,1783,2,2022-06-24 17:24:50.000,2022-06-24 17:35:40.000,2022-06-24 17:24:57.621,2022-06-24 17:35:46.662,2,,GTX 6,"354616090360277",Sand Hollow,RENT
4383989,5427,5426,1783,2,2022-06-24 17:37:21.000,2022-06-24 17:54:22.000,2022-06-24 17:37:28.428,2022-06-24 17:54:28.546,2,,GTX 6,"354616090360277",Sand Hollow,RENT
4384185,5427,5426,1783,2,2022-06-24 18:02:43.000,2022-06-24 18:15:11.000,2022-06-24 18:02:49.623,2022-06-24 18:15:17.838,2,,GTX 6,"354616090360277",Sand Hollow,RENT
4384379,5427,5426,1783,2,2022-06-24 18:38:00.000,2022-06-24 18:58:34.000,2022-06-24 18:38:07.099,2022-06-24 18:58:40.568,2,,GTX 6,"354616090360277",Sand Hollow,RENT
4384470,5427,5426,1783,2,2022-06-24 19:00:06.000,2022-06-24 19:16:43.000,2022-06-24 19:00:12.471,2022-06-24 19:16:49.855,2,,GTX 6,"354616090360277",Sand Hollow,RENT
4384657,5427,5426,1783,2,2022-06-24 19:48:10.000,2022-06-24 20:04:53.000,2022-06-24 19:48:17.134,2022-06-24 20:05:00.888,2,,GTX 6,"354616090360277",Sand Hollow,RENT
4384739,5427,5426,1783,2,2022-06-24 20:11:57.000,2022-06-24 20:23:49.000,2022-06-24 20:12:04.610,2022-06-24 20:23:55.449,2,,GTX 6,"354616090360277",Sand Hollow,RENT
4384805,5427,5426,1783,2,2022-06-24 20:31:10.000,2022-06-24 20:39:40.000,2022-06-24 20:31:17.125,2022-06-24 20:39:47.686,2,,GTX 6,"354616090360277",Sand Hollow,RENT
4384856,5427,5426,1783,2,2022-06-24 20:43:25.000,2022-06-24 20:57:33.000,2022-06-24 20:43:31.672,2022-06-24 21:07:52.660,2,,GTX 6,"354616090360277",Sand Hollow,RENT
4395783,5427,5426,1783,2,2022-06-25 16:56:17.000,2022-06-25 20:23:22.000,2022-06-25 16:56:24.004,2022-06-25 20:23:29.351,2,,GTX 6,"354616090360277",Sand Hollow,RENT
4397704,5427,5426,1783,1,2022-06-25 20:34:38.000,2022-06-25 20:57:23.000,2022-06-25 20:34:44.700,2022-06-25 20:57:29.606,2,,GTX 6,"354616090360277",Sand Hollow,MASTER
4398014,5427,5426,1783,1,2022-06-25 21:35:47.000,2022-06-25 22:13:56.000,2022-06-25 21:35:53.674,2022-06-25 22:14:03.006,2,,GTX 6,"354616090360277",Sand Hollow,MASTER
4398549,5427,5426,1783,1,2022-06-25 23:45:17.000,2022-06-26 01:31:31.000,2022-06-25 23:45:24.355,2022-06-26 01:31:37.833,2,,GTX 6,"354616090360277",Sand Hollow,MASTER
4409324,5427,5426,1783,1,2022-06-26 16:37:13.000,2022-06-26 18:29:46.000,2022-06-26 16:37:20.307,2022-06-26 18:42:37.234,2,6600,GTX 6,"354616090360277",Sand Hollow,MASTER
4410687,5427,5426,1783,2,2022-06-26 18:44:53.000,2022-06-26 20:20:15.000,2022-06-26 18:44:59.694,2022-06-26 20:20:21.835,2,,GTX 6,"354616090360277",Sand Hollow,RENT
4411179,5427,5426,1783,2,2022-06-26 20:22:58.000,2022-06-26 20:26:09.000,2022-06-26 20:23:04.445,2022-06-26 20:26:16.377,2,,GTX 6,"354616090360277",Sand Hollow,RENT
4411193,5427,5426,1783,2,2022-06-26 20:28:15.000,2022-06-26 22:16:08.000,2022-06-26 20:28:22.448,2022-06-26 22:26:31.084,2,,GTX 6,"354616090360277",Sand Hollow,RENT
4412085,5427,5426,1783,1,2022-06-27 01:09:53.000,2022-06-27 01:25:27.000,2022-06-27 01:10:00.331,2022-06-27 01:25:33.689,2,,GTX 6,"354616090360277",Sand Hollow,MASTER
4435672,5427,5426,1783,2,2022-06-28 21:04:57.000,2022-06-28 22:58:40.000,2022-06-28 21:05:03.583,2022-06-28 22:58:47.607,2,,GTX 6,"354616090360277",Sand Hollow,RENT
4436121,5427,5426,1783,2,2022-06-29 00:34:11.000,2022-06-29 00:53:23.000,2022-06-29 00:34:18.697,2022-06-29 00:53:29.694,2,,GTX 6,"354616090360277",Sand Hollow,RENT
4436146,5427,5426,1783,2,2022-06-29 00:57:59.000,2022-06-29 01:15:51.000,2022-06-29 00:58:06.082,2022-06-29 01:15:57.849,2,,GTX 6,"354616090360277",Sand Hollow,RENT
4436170,5427,5426,1783,2,2022-06-29 01:19:17.000,2022-06-29 02:01:39.000,2022-06-29 01:19:24.773,2022-06-29 02:01:46.357,2,,GTX 6,"354616090360277",Sand Hollow,RENT
4448206,5427,5426,1783,2,2022-06-29 18:31:18.000,2022-06-29 19:38:40.000,2022-06-29 18:31:25.016,2022-06-29 19:49:00.638,2,,GTX 6,"354616090360277",Sand Hollow,RENT
4448526,5427,5426,1783,2,2022-06-29 20:26:37.000,2022-06-29 20:33:59.000,2022-06-29 20:26:44.799,2022-06-29 20:44:19.049,2,,GTX 6,"354616090360277",Sand Hollow,RENT
4766903,5427,5426,1783,2,2022-07-16 17:47:24.000,2022-07-16 19:48:04.000,2022-07-16 17:47:30.362,2022-07-16 19:57:23.856,2,7200,GTX 6,"354616090360277",Sand Hollow,RENT
4461239,5427,5426,1783,2,2022-06-30 16:01:02.000,2022-06-30 17:55:52.000,2022-06-30 16:01:09.177,2022-06-30 18:07:00.427,2,,GTX 6,"354616090360277",Sand Hollow,RENT
4463602,5427,5426,1783,2,2022-06-30 18:43:05.000,2022-06-30 19:13:35.000,2022-06-30 18:43:12.210,2022-06-30 19:13:41.893,2,,GTX 6,"354616090360277",Sand Hollow,RENT
4463452,5427,5426,1783,2,2022-06-30 18:26:12.000,2022-06-30 18:40:19.000,2022-06-30 18:26:19.343,2022-06-30 18:40:47.772,2,,GTX 6,"354616090360277",Sand Hollow,RENT
4463768,5427,5426,1783,2,2022-06-30 19:17:38.000,2022-06-30 19:53:15.000,2022-06-30 19:17:44.265,2022-06-30 19:53:21.961,2,,GTX 6,"354616090360277",Sand Hollow,RENT
4463943,5427,5426,1783,2,2022-06-30 20:07:47.000,2022-06-30 20:39:26.000,2022-06-30 20:07:53.588,2022-06-30 20:49:54.359,2,,GTX 6,"354616090360277",Sand Hollow,RENT
4464203,5427,5426,1783,2,2022-06-30 21:08:17.000,2022-06-30 23:15:08.000,2022-06-30 21:08:23.525,2022-06-30 23:25:57.808,2,,GTX 6,"354616090360277",Sand Hollow,RENT
4478424,5427,5426,1783,2,2022-07-01 19:53:50.000,2022-07-01 21:46:41.000,2022-07-01 19:53:56.376,2022-07-01 21:57:35.260,2,,GTX 6,"354616090360277",Sand Hollow,RENT
4768858,5427,5426,1783,2,2022-07-16 20:42:41.000,2022-07-16 21:37:10.000,2022-07-16 20:42:47.706,2022-07-16 21:40:22.738,2,7200,GTX 6,"354616090360277",Sand Hollow,RENT
4492309,5427,5426,1783,2,2022-07-02 16:56:05.000,2022-07-02 21:13:21.000,2022-07-02 16:56:11.283,2022-07-02 21:23:42.577,2,,GTX 6,"354616090360277",Sand Hollow,RENT
4769222,5427,5426,1783,2,2022-07-16 21:44:24.000,2022-07-16 21:59:17.000,2022-07-16 21:44:30.575,2022-07-16 21:59:24.314,2,,GTX 6,"354616090360277",Sand Hollow,RENT
4769333,5427,5426,1783,2,2022-07-16 22:04:17.000,2022-07-16 22:19:49.000,2022-07-16 22:04:24.681,2022-07-16 22:25:05.212,2,,GTX 6,"354616090360277",Sand Hollow,RENT
4495168,5427,5426,1783,2,2022-07-02 21:31:20.000,2022-07-02 22:47:10.000,2022-07-02 21:31:27.259,2022-07-02 22:47:16.507,2,,GTX 6,"354616090360277",Sand Hollow,RENT
4495605,5427,5426,1783,2,2022-07-02 23:09:05.000,2022-07-03 01:08:37.000,2022-07-02 23:09:11.909,2022-07-03 01:08:44.577,2,7200,GTX 6,"354616090360277",Sand Hollow,RENT
4510221,5427,5426,1783,2,2022-07-03 19:14:46.000,2022-07-03 19:29:37.000,2022-07-03 19:14:53.312,2022-07-03 19:29:43.977,2,,GTX 6,"354616090360277",Sand Hollow,RENT
4510294,5427,5426,1783,2,2022-07-03 19:29:58.000,2022-07-03 19:42:23.000,2022-07-03 19:30:05.367,2022-07-03 19:42:30.109,2,,GTX 6,"354616090360277",Sand Hollow,RENT
4510383,5427,5426,1783,2,2022-07-03 19:43:10.000,2022-07-03 19:55:02.000,2022-07-03 19:43:17.123,2022-07-03 19:55:08.708,2,,GTX 6,"354616090360277",Sand Hollow,RENT
4510431,5427,5426,1783,2,2022-07-03 19:56:19.000,2022-07-03 20:16:01.000,2022-07-03 19:56:25.626,2022-07-03 20:16:08.373,2,,GTX 6,"354616090360277",Sand Hollow,RENT
4510571,5427,5426,1783,2,2022-07-03 20:16:38.000,2022-07-03 20:45:04.000,2022-07-03 20:16:44.200,2022-07-03 20:45:11.020,2,,GTX 6,"354616090360277",Sand Hollow,RENT
4510724,5427,5426,1783,2,2022-07-03 20:48:36.000,2022-07-03 21:02:53.000,2022-07-03 20:48:42.250,2022-07-03 21:02:59.339,2,,GTX 6,"354616090360277",Sand Hollow,RENT
4510810,5427,5426,1783,2,2022-07-03 21:03:11.000,2022-07-03 21:13:07.000,2022-07-03 21:03:18.346,2022-07-03 21:13:13.629,2,,GTX 6,"354616090360277",Sand Hollow,RENT
4510866,5427,5426,1783,2,2022-07-03 21:14:47.000,2022-07-03 21:25:43.000,2022-07-03 21:14:54.661,2022-07-03 21:25:49.604,2,,GTX 6,"354616090360277",Sand Hollow,RENT
4511137,5427,5426,1783,2,2022-07-03 22:11:44.000,2022-07-03 23:28:16.000,2022-07-03 22:11:50.576,2022-07-03 23:28:22.735,2,,GTX 6,"354616090360277",Sand Hollow,RENT
4523095,5427,5426,1783,2,2022-07-04 16:06:04.000,2022-07-04 17:55:44.000,2022-07-04 16:06:10.971,2022-07-04 17:55:50.859,2,7200,GTX 6,"354616090360277",Sand Hollow,RENT
4525798,5427,5426,1783,2,2022-07-04 19:12:04.000,2022-07-04 20:04:24.000,2022-07-04 19:12:10.932,2022-07-04 20:18:23.377,2,10800,GTX 6,"354616090360277",Sand Hollow,RENT
4526374,5427,5426,1783,2,2022-07-04 20:28:24.000,2022-07-04 20:51:16.000,2022-07-04 20:28:30.795,2022-07-04 20:51:22.747,2,,GTX 6,"354616090360277",Sand Hollow,RENT
4526540,5427,5426,1783,2,2022-07-04 20:53:32.000,2022-07-04 21:16:17.000,2022-07-04 20:53:38.564,2022-07-04 21:16:24.122,2,,GTX 6,"354616090360277",Sand Hollow,RENT
4527021,5427,5426,1783,2,2022-07-04 22:00:10.000,2022-07-04 22:40:53.000,2022-07-04 22:00:16.976,2022-07-04 22:40:59.600,2,,GTX 6,"354616090360277",Sand Hollow,RENT
4527293,5427,5426,1783,2,2022-07-04 22:44:17.000,2022-07-04 22:54:12.000,2022-07-04 22:44:24.390,2022-07-04 23:04:36.134,2,,GTX 6,"354616090360277",Sand Hollow,RENT
4541573,5427,5426,1783,2,2022-07-05 16:49:05.000,2022-07-05 17:05:56.000,2022-07-05 16:49:12.334,2022-07-05 17:06:02.866,2,,GTX 6,"354616090360277",Sand Hollow,RENT
4541862,5427,5426,1783,2,2022-07-05 17:07:27.000,2022-07-05 17:34:49.000,2022-07-05 17:07:34.679,2022-07-05 17:48:12.285,2,9000,GTX 6,"354616090360277",Sand Hollow,RENT
4542764,5427,5426,1783,2,2022-07-05 18:18:52.000,2022-07-05 19:34:18.000,2022-07-05 18:18:59.653,2022-07-05 19:44:38.538,2,,GTX 6,"354616090360277",Sand Hollow,RENT
4559983,5427,5426,1783,2,2022-07-06 20:06:06.000,2022-07-06 22:08:09.000,2022-07-06 20:06:13.780,2022-07-06 22:08:16.587,2,,GTX 6,"354616090360277",Sand Hollow,RENT
4560344,5427,5426,1783,2,2022-07-06 22:16:01.000,2022-07-07 00:09:17.000,2022-07-06 22:16:08.939,2022-07-07 00:09:24.491,2,,GTX 6,"354616090360277",Sand Hollow,RENT
4593395,5427,5426,1783,2,2022-07-08 16:45:02.000,2022-07-08 17:42:52.000,2022-07-08 16:45:09.451,2022-07-08 17:56:15.085,2,7200,GTX 6,"354616090360277",Sand Hollow,RENT
4594508,5427,5426,1783,2,2022-07-08 18:01:31.000,2022-07-08 18:22:14.000,2022-07-08 18:01:38.180,2022-07-08 18:22:21.498,2,,GTX 6,"354616090360277",Sand Hollow,RENT
4594773,5427,5426,1783,2,2022-07-08 18:23:18.000,2022-07-08 18:34:58.000,2022-07-08 18:23:24.902,2022-07-08 18:35:04.836,2,,GTX 6,"354616090360277",Sand Hollow,RENT
4594875,5427,5426,1783,2,2022-07-08 18:36:24.000,2022-07-08 18:40:19.000,2022-07-08 18:36:31.658,2022-07-08 18:49:55.662,2,,GTX 6,"354616090360277",Sand Hollow,RENT
4596457,5427,5426,1783,2,2022-07-09 00:17:53.000,2022-07-09 01:56:47.000,2022-07-09 00:18:00.099,2022-07-09 01:56:53.850,2,,GTX 6,"354616090360277",Sand Hollow,RENT
4616221,5427,5426,1783,2,2022-07-09 19:25:52.000,2022-07-09 23:04:27.000,2022-07-09 19:25:58.438,2022-07-09 23:04:33.795,2,14400,GTX 6,"354616090360277",Sand Hollow,RENT
4635947,5427,5426,1783,2,2022-07-10 19:46:10.382,2022-07-10 19:46:43.000,2022-07-10 19:46:16.661,2022-07-10 19:48:50.630,2,14400,GTX 6,"354616090360277",Sand Hollow,RENT
4653303,5427,5426,1783,2,2022-07-11 16:59:27.000,2022-07-11 17:06:21.000,2022-07-11 16:59:33.541,2022-07-11 17:19:44.509,2,10800,GTX 6,"354616090360277",Sand Hollow,RENT
4653741,5427,5426,1783,2,2022-07-11 17:22:45.000,2022-07-11 17:35:53.000,2022-07-11 17:22:51.663,2022-07-11 17:36:00.347,2,,GTX 6,"354616090360277",Sand Hollow,RENT
4654011,5427,5426,1783,2,2022-07-11 17:43:06.000,2022-07-11 17:50:56.000,2022-07-11 17:43:13.223,2022-07-11 17:51:02.355,2,,GTX 6,"354616090360277",Sand Hollow,RENT
4654118,5427,5426,1783,2,2022-07-11 17:53:30.000,2022-07-11 18:59:13.000,2022-07-11 17:53:37.448,2022-07-11 18:59:19.771,2,,GTX 6,"354616090360277",Sand Hollow,RENT
4654647,5427,5426,1783,2,2022-07-11 18:59:41.000,2022-07-11 19:13:59.000,2022-07-11 18:59:47.498,2022-07-11 19:14:05.631,2,,GTX 6,"354616090360277",Sand Hollow,RENT
4654770,5427,5426,1783,2,2022-07-11 19:16:53.000,2022-07-11 19:30:49.000,2022-07-11 19:17:00.076,2022-07-11 19:30:56.067,2,,GTX 6,"354616090360277",Sand Hollow,RENT
4654852,5427,5426,1783,2,2022-07-11 19:31:18.000,2022-07-11 19:39:17.000,2022-07-11 19:31:24.586,2022-07-11 19:39:24.593,2,,GTX 6,"354616090360277",Sand Hollow,RENT
4654906,5427,5426,1783,2,2022-07-11 19:42:26.000,2022-07-11 19:56:08.000,2022-07-11 19:42:32.506,2022-07-11 20:06:25.625,2,,GTX 6,"354616090360277",Sand Hollow,RENT
4654978,5427,5426,1783,2,2022-07-11 20:07:43.000,2022-07-11 21:14:08.000,2022-07-11 20:07:50.530,2022-07-11 21:14:15.456,2,,GTX 6,"354616090360277",Sand Hollow,RENT
4655583,5427,5426,1783,2,2022-07-11 22:12:15.000,2022-07-11 23:57:35.000,2022-07-11 22:12:21.681,2022-07-11 23:57:45.506,2,,GTX 6,"354616090360277",Sand Hollow,RENT
4792554,5427,5426,1783,2,2022-07-17 20:09:33.000,2022-07-17 20:21:25.000,2022-07-17 20:09:40.239,2022-07-17 20:21:32.167,2,,GTX 6,"354616090360277",Sand Hollow,RENT
4792620,5427,5426,1783,1,2022-07-17 20:21:51.000,2022-07-17 20:39:11.000,2022-07-17 20:21:58.704,2022-07-17 20:39:17.770,2,,GTX 6,"354616090360277",Sand Hollow,MASTER
5015630,5427,5426,1783,2,2022-07-26 17:25:12.000,2022-07-26 17:31:50.000,2022-07-26 17:25:19.620,2022-07-26 17:42:10.364,2,,GTX 6,"354616090360277",Sand Hollow,RENT
5103486,5427,5426,1783,2,2022-07-29 16:43:48.000,2022-07-29 18:39:57.000,2022-07-29 16:43:55.647,2022-07-29 18:48:15.759,2,7200,GTX 6,"354616090360277",Sand Hollow,RENT
5106742,5427,5426,1783,2,2022-07-29 19:06:13.000,2022-07-29 20:45:09.000,2022-07-29 19:06:20.713,2022-07-29 20:45:15.682,2,7200,GTX 6,"354616090360277",Sand Hollow,RENT
5129216,5427,5426,1783,2,2022-07-30 15:28:31.000,2022-07-30 17:16:17.000,2022-07-30 15:28:38.122,2022-07-30 17:26:40.866,2,7200,GTX 6,"354616090360277",Sand Hollow,RENT
5134546,5427,5426,1783,2,2022-07-30 18:01:34.000,2022-07-30 18:07:30.000,2022-07-30 18:01:41.109,2022-07-30 18:17:49.585,2,,GTX 6,"354616090360277",Sand Hollow,RENT
5134949,5427,5426,1783,2,2022-07-30 18:21:44.000,2022-07-30 18:26:31.000,2022-07-30 18:21:51.057,2022-07-30 18:26:38.066,2,,GTX 6,"354616090360277",Sand Hollow,RENT
5135081,5427,5426,1783,2,2022-07-30 18:27:56.000,2022-07-30 18:36:52.000,2022-07-30 18:28:02.985,2022-07-30 18:36:58.483,2,,GTX 6,"354616090360277",Sand Hollow,RENT
5135318,5427,5426,1783,2,2022-07-30 18:42:03.000,2022-07-30 18:53:41.000,2022-07-30 18:42:09.788,2022-07-30 18:56:56.805,2,7200,GTX 6,"354616090360277",Sand Hollow,RENT
5135555,5427,5426,1783,2,2022-07-30 18:57:28.000,2022-07-30 19:08:20.000,2022-07-30 18:57:34.807,2022-07-30 19:08:26.699,2,,GTX 6,"354616090360277",Sand Hollow,RENT
5135799,5427,5426,1783,2,2022-07-30 19:10:53.000,2022-07-30 19:20:42.000,2022-07-30 19:11:00.631,2022-07-30 19:20:48.637,2,,GTX 6,"354616090360277",Sand Hollow,RENT
5135956,5427,5426,1783,2,2022-07-30 19:23:51.000,2022-07-30 19:45:38.000,2022-07-30 19:23:58.412,2022-07-30 19:45:45.162,2,,GTX 6,"354616090360277",Sand Hollow,RENT
5136276,5427,5426,1783,2,2022-07-30 19:46:58.000,2022-07-30 20:03:19.000,2022-07-30 19:47:05.517,2022-07-30 20:12:38.703,2,,GTX 6,"354616090360277",Sand Hollow,RENT
5137578,5427,5426,1783,1,2022-07-30 21:34:59.000,2022-07-30 21:57:50.000,2022-07-30 21:35:06.077,2022-07-30 21:57:56.968,2,,GTX 6,"354616090360277",Sand Hollow,MASTER
5137989,5427,5426,1783,2,2022-07-30 22:11:19.000,2022-07-30 22:39:36.000,2022-07-30 22:11:26.445,2022-07-30 22:39:42.705,2,,GTX 6,"354616090360277",Sand Hollow,RENT
5138345,5427,5426,1783,2,2022-07-30 22:47:15.000,2022-07-30 23:27:33.000,2022-07-30 22:47:22.814,2022-07-30 23:36:50.114,2,,GTX 6,"354616090360277",Sand Hollow,RENT
5139025,5427,5426,1783,2,2022-07-31 00:01:27.000,2022-07-31 00:36:44.000,2022-07-31 00:01:34.074,2022-07-31 00:48:05.971,2,,GTX 6,"354616090360277",Sand Hollow,RENT
5139562,5427,5426,1783,2,2022-07-31 01:07:47.000,2022-07-31 01:19:49.000,2022-07-31 01:07:53.724,2022-07-31 01:30:09.955,2,,GTX 6,"354616090360277",Sand Hollow,RENT
5170346,5427,5426,1783,2,2022-07-31 20:36:52.000,2022-07-31 21:38:35.000,2022-07-31 20:36:59.512,2022-07-31 21:38:45.109,2,3600,GTX 6,"354616090360277",Sand Hollow,RENT
5171401,5427,5426,1783,2,2022-07-31 22:50:40.000,2022-07-31 23:15:09.000,2022-07-31 22:50:47.143,2022-07-31 23:15:15.144,2,,GTX 6,"354616090360277",Sand Hollow,RENT
5171592,5427,5426,1783,2,2022-07-31 23:20:14.000,2022-07-31 23:32:51.000,2022-07-31 23:20:21.508,2022-07-31 23:32:57.769,2,,GTX 6,"354616090360277",Sand Hollow,RENT
5171658,5427,5426,1783,2,2022-07-31 23:35:52.000,2022-07-31 23:59:30.000,2022-07-31 23:35:59.126,2022-07-31 23:59:36.730,2,,GTX 6,"354616090360277",Sand Hollow,RENT
5171796,5427,5426,1783,2,2022-08-01 00:01:12.000,2022-08-01 00:17:42.000,2022-08-01 00:01:18.627,2022-08-01 00:17:49.530,2,,GTX 6,"354616090360277",Sand Hollow,RENT
5171877,5427,5426,1783,2,2022-08-01 00:20:28.000,2022-08-01 00:58:36.000,2022-08-01 00:20:35.463,2022-08-01 00:58:44.006,2,,GTX 6,"354616090360277",Sand Hollow,RENT
5172027,5427,5426,1783,2,2022-08-01 00:59:12.000,2022-08-01 01:14:36.000,2022-08-01 00:59:18.451,2022-08-01 01:14:43.228,2,,GTX 6,"354616090360277",Sand Hollow,RENT
5172099,5427,5426,1783,2,2022-08-01 01:17:26.000,2022-08-01 01:29:10.000,2022-08-01 01:17:32.531,2022-08-01 01:30:26.313,2,,GTX 6,"354616090360277",Sand Hollow,RENT
5172144,5427,5426,1783,2,2022-08-01 01:30:35.000,2022-08-01 01:49:48.000,2022-08-01 01:30:41.898,2022-08-01 01:49:55.446,2,,GTX 6,"354616090360277",Sand Hollow,RENT
5172199,5427,5426,1783,2,2022-08-01 01:50:27.000,2022-08-01 02:05:09.000,2022-08-01 01:50:34.175,2022-08-01 02:05:16.045,2,,GTX 6,"354616090360277",Sand Hollow,RENT
5195815,5427,5426,1783,2,2022-08-01 18:05:43.000,2022-08-01 18:26:26.000,2022-08-01 18:05:52.747,2022-08-01 18:39:32.591,2,7200,GTX 6,"354616090360277",Sand Hollow,RENT
5198641,5427,5426,1783,2,2022-08-01 21:43:08.000,2022-08-01 22:55:17.000,2022-08-01 21:43:14.877,2022-08-01 22:58:30.079,2,7200,GTX 6,"354616090360277",Sand Hollow,RENT
5199891,5427,5426,1783,2,2022-08-01 23:48:55.000,2022-08-02 01:49:23.000,2022-08-01 23:49:02.001,2022-08-02 01:49:29.395,2,7200,GTX 6,"354616090360277",Sand Hollow,RENT
5383929,5427,5426,1783,2,2022-08-06 20:24:15.000,2022-08-06 21:28:02.000,2022-08-06 20:24:22.204,2022-08-06 21:38:23.165,2,,GTX 6,"354616090360277",Sand Hollow,RENT
5385137,5427,5426,1783,2,2022-08-06 22:32:22.000,2022-08-07 00:31:01.000,2022-08-06 22:32:29.763,2022-08-07 00:31:08.093,2,7200,GTX 6,"354616090360277",Sand Hollow,RENT
5824525,5427,5426,1783,2,2022-08-20 18:51:04.000,2022-08-20 20:09:37.000,2022-08-20 18:51:11.448,2022-08-20 20:09:43.852,2,,GTX 6,"354616090360277",Sand Hollow,RENT
5825515,5427,5426,1783,2,2022-08-20 20:13:42.000,2022-08-20 20:33:23.000,2022-08-20 20:13:48.923,2022-08-20 20:33:30.244,2,,GTX 6,"354616090360277",Sand Hollow,RENT
5825746,5427,5426,1783,2,2022-08-20 20:38:34.000,2022-08-20 21:01:33.000,2022-08-20 20:38:41.233,2022-08-20 21:11:53.770,2,,GTX 6,"354616090360277",Sand Hollow,RENT
5826754,5427,5426,1783,2,2022-08-20 21:41:05.000,2022-08-20 22:27:51.000,2022-08-20 21:41:11.571,2022-08-20 22:27:57.771,2,,GTX 6,"354616090360277",Sand Hollow,RENT
5827202,5427,5426,1783,2,2022-08-20 22:36:11.000,2022-08-21 00:36:38.000,2022-08-20 22:36:18.038,2022-08-21 00:36:45.623,2,7200,GTX 6,"354616090360277",Sand Hollow,RENT
5509382,5427,5426,1783,2,2022-08-10 18:06:13.000,2022-08-10 18:20:51.000,2022-08-10 18:06:20.810,2022-08-10 18:20:58.156,2,,GTX 6,"354616090360277",Sand Hollow,RENT
5509653,5427,5426,1783,2,2022-08-10 18:23:26.000,2022-08-10 18:52:37.000,2022-08-10 18:23:33.556,2022-08-10 18:52:44.352,2,,GTX 6,"354616090360277",Sand Hollow,RENT
5510032,5427,5426,1783,2,2022-08-10 18:54:42.000,2022-08-10 19:08:55.000,2022-08-10 18:54:48.825,2022-08-10 19:09:02.126,2,,GTX 6,"354616090360277",Sand Hollow,RENT
5510220,5427,5426,1783,2,2022-08-10 19:10:40.000,2022-08-10 19:39:36.000,2022-08-10 19:10:46.601,2022-08-10 19:39:43.702,2,,GTX 6,"354616090360277",Sand Hollow,RENT
5510523,5427,5426,1783,2,2022-08-10 19:41:20.000,2022-08-10 19:56:43.000,2022-08-10 19:41:26.629,2022-08-10 19:56:49.482,2,,GTX 6,"354616090360277",Sand Hollow,RENT
5604265,5427,5426,1783,2,2022-08-13 16:31:46.000,2022-08-13 16:37:35.000,2022-08-13 16:31:52.847,2022-08-13 16:50:58.855,2,7200,GTX 6,"354616090360277",Sand Hollow,RENT
5605140,5427,5426,1783,2,2022-08-13 16:57:30.000,2022-08-13 17:38:09.000,2022-08-13 16:57:37.234,2022-08-13 17:38:16.588,2,,GTX 6,"354616090360277",Sand Hollow,RENT
5606307,5427,5426,1783,2,2022-08-13 17:43:52.000,2022-08-13 18:06:00.000,2022-08-13 17:43:58.970,2022-08-13 18:06:06.793,2,,GTX 6,"354616090360277",Sand Hollow,RENT
5606905,5427,5426,1783,2,2022-08-13 18:10:58.000,2022-08-13 19:01:46.000,2022-08-13 18:11:04.844,2022-08-13 19:12:17.257,2,,GTX 6,"354616090360277",Sand Hollow,RENT
5607890,5427,5426,1783,2,2022-08-13 19:16:13.000,2022-08-13 19:55:43.000,2022-08-13 19:16:19.711,2022-08-13 20:06:05.491,2,,GTX 6,"354616090360277",Sand Hollow,RENT
5608426,5427,5426,1783,2,2022-08-13 20:16:09.000,2022-08-13 20:32:23.000,2022-08-13 20:16:15.580,2022-08-13 20:32:29.816,2,,GTX 6,"354616090360277",Sand Hollow,RENT
5608605,5427,5426,1783,2,2022-08-13 20:33:08.000,2022-08-13 22:52:34.000,2022-08-13 20:33:14.660,2022-08-13 23:02:58.509,2,,GTX 6,"354616090360277",Sand Hollow,RENT
5854598,5427,5426,1783,2,2022-08-21 16:57:46.000,2022-08-21 19:07:29.000,2022-08-21 16:57:52.711,2022-08-21 19:20:57.456,2,14400,GTX 6,"354616090360277",Sand Hollow,RENT
5857894,5427,5426,1783,2,2022-08-21 19:52:40.000,2022-08-21 20:54:10.000,2022-08-21 19:52:47.199,2022-08-21 21:04:55.721,2,,GTX 6,"354616090360277",Sand Hollow,RENT
5941463,5427,5426,1783,2,2022-08-24 17:15:20.000,2022-08-24 18:20:50.000,2022-08-24 17:15:26.921,2022-08-24 18:20:57.544,2,,GTX 6,"354616090360277",Sand Hollow,RENT
5943050,5427,5426,1783,2,2022-08-24 18:30:13.000,2022-08-24 19:06:13.000,2022-08-24 18:30:20.685,2022-08-24 19:06:19.550,2,,GTX 6,"354616090360277",Sand Hollow,RENT
5943634,5427,5426,1783,2,2022-08-24 19:08:56.000,2022-08-24 19:48:51.000,2022-08-24 19:09:02.685,2022-08-24 19:48:57.641,2,,GTX 6,"354616090360277",Sand Hollow,RENT
5944292,5427,5426,1783,2,2022-08-24 20:43:03.000,2022-08-24 21:23:49.000,2022-08-24 20:43:10.038,2022-08-24 21:34:17.864,2,,GTX 6,"354616090360277",Sand Hollow,RENT
5944763,5427,5426,1783,2,2022-08-24 21:55:17.000,2022-08-24 22:09:23.000,2022-08-24 21:55:24.724,2022-08-24 22:19:42.990,2,,GTX 6,"354616090360277",Sand Hollow,RENT
5945162,5427,5426,1783,2,2022-08-24 22:39:06.000,2022-08-24 23:24:44.000,2022-08-24 22:39:13.614,2022-08-24 23:24:51.129,2,,GTX 6,"354616090360277",Sand Hollow,RENT
6039323,5427,5426,1783,2,2022-08-27 16:56:46.000,2022-08-27 19:41:59.000,2022-08-27 16:56:53.625,2022-08-27 19:52:23.674,2,10800,GTX 6,"354616090360277",Sand Hollow,RENT
6044754,5427,5426,1783,2,2022-08-27 20:14:14.000,2022-08-27 20:18:03.000,2022-08-27 20:14:20.550,2022-08-27 20:28:28.390,2,,GTX 6,"354616090360277",Sand Hollow,RENT
6045962,5427,5426,1783,2,2022-08-27 21:10:13.000,2022-08-27 21:48:34.000,2022-08-27 21:10:20.584,2022-08-27 21:58:55.896,2,,GTX 6,"354616090360277",Sand Hollow,RENT
6046962,5427,5426,1783,2,2022-08-27 22:00:57.000,2022-08-27 23:06:57.000,2022-08-27 22:01:04.290,2022-08-27 23:17:17.707,2,,GTX 6,"354616090360277",Sand Hollow,RENT
6084276,5427,5426,1783,2,2022-08-28 18:04:46.000,2022-08-28 21:22:24.000,2022-08-28 18:04:53.023,2022-08-28 21:32:50.109,2,,GTX 6,"354616090360277",Sand Hollow,RENT
6093648,5427,5426,1783,2,2022-08-28 23:18:01.000,2022-08-28 23:23:03.000,2022-08-28 23:18:08.158,2022-08-28 23:24:15.684,2,,GTX 6,"354616090360277",Sand Hollow,RENT
6091748,5427,5426,1783,2,2022-08-28 22:16:30.000,2022-08-28 22:54:31.000,2022-08-28 22:16:37.553,2022-08-28 22:54:38.234,2,,GTX 6,"354616090360277",Sand Hollow,RENT
6093060,5427,5426,1783,2,2022-08-28 23:00:31.000,2022-08-28 23:17:36.000,2022-08-28 23:00:38.256,2022-08-28 23:17:43.783,2,,GTX 6,"354616090360277",Sand Hollow,RENT
6093830,5427,5426,1783,2,2022-08-28 23:25:30.000,2022-08-28 23:34:55.000,2022-08-28 23:25:37.796,2022-08-28 23:35:01.793,2,,GTX 6,"354616090360277",Sand Hollow,RENT
6094121,5427,5426,1783,2,2022-08-28 23:36:18.000,2022-08-28 23:58:37.000,2022-08-28 23:36:25.011,2022-08-28 23:58:44.022,2,,GTX 6,"354616090360277",Sand Hollow,RENT
6094844,5427,5426,1783,2,2022-08-29 00:00:49.000,2022-08-29 00:24:02.000,2022-08-29 00:00:55.320,2022-08-29 00:24:08.736,2,,GTX 6,"354616090360277",Sand Hollow,RENT
6095443,5427,5426,1783,2,2022-08-29 00:24:45.000,2022-08-29 00:32:34.000,2022-08-29 00:24:52.068,2022-08-29 00:32:40.503,2,,GTX 6,"354616090360277",Sand Hollow,RENT
6095691,5427,5426,1783,2,2022-08-29 00:34:16.000,2022-08-29 00:39:32.000,2022-08-29 00:34:22.326,2022-08-29 00:39:39.523,2,,GTX 6,"354616090360277",Sand Hollow,RENT
6127167,5427,5426,1783,2,2022-08-29 22:37:32.000,2022-08-30 00:26:00.000,2022-08-29 22:37:38.698,2022-08-30 00:26:07.241,2,7200,GTX 6,"354616090360277",Sand Hollow,RENT
6192473,5427,5426,1783,2,2022-08-31 18:41:37.000,2022-08-31 18:59:55.000,2022-08-31 18:41:43.579,2022-08-31 19:10:14.928,2,,GTX 6,"354616090360277",Sand Hollow,RENT
6193447,5427,5426,1783,2,2022-08-31 19:21:49.000,2022-08-31 19:40:43.000,2022-08-31 19:21:55.570,2022-08-31 19:51:03.357,2,,GTX 6,"354616090360277",Sand Hollow,RENT
6194534,5427,5426,1783,2,2022-08-31 20:02:43.000,2022-08-31 20:17:07.000,2022-08-31 20:02:50.373,2022-08-31 20:17:15.701,2,,GTX 6,"354616090360277",Sand Hollow,RENT
6194914,5427,5426,1783,2,2022-08-31 20:20:10.000,2022-08-31 20:27:46.000,2022-08-31 20:20:17.151,2022-08-31 20:38:20.671,2,,GTX 6,"354616090360277",Sand Hollow,RENT
6195809,5427,5426,1783,2,2022-08-31 20:52:03.000,2022-08-31 21:00:21.000,2022-08-31 20:52:10.218,2022-08-31 21:00:32.978,2,,GTX 6,"354616090360277",Sand Hollow,RENT
6196086,5427,5426,1783,2,2022-08-31 21:00:48.000,2022-08-31 21:37:44.000,2022-08-31 21:00:54.954,2022-08-31 21:47:10.243,2,,GTX 6,"354616090360277",Sand Hollow,RENT
6216704,5427,5426,1783,2,2022-09-01 18:20:37.000,2022-09-01 18:44:23.000,2022-09-01 18:20:47.695,2022-09-01 18:54:42.701,2,,GTX 6,"354616090360277",Sand Hollow,RENT
6217764,5427,5426,1783,2,2022-09-01 19:37:05.000,2022-09-01 20:14:04.000,2022-09-01 19:37:12.752,2022-09-01 20:24:24.407,2,,GTX 6,"354616090360277",Sand Hollow,RENT
6219492,5427,5426,1783,2,2022-09-01 22:13:07.000,2022-09-02 01:06:10.000,2022-09-01 22:13:13.320,2022-09-02 01:06:17.782,2,10800,GTX 6,"354616090360277",Sand Hollow,RENT
6242627,5427,5426,1783,2,2022-09-02 19:52:37.000,2022-09-02 20:50:29.000,2022-09-02 19:52:45.018,2022-09-02 21:04:29.390,2,,GTX 6,"354616090360277",Sand Hollow,RENT
6239933,5427,5426,1783,2,2022-09-02 17:17:00.000,2022-09-02 17:30:24.000,2022-09-02 17:17:06.943,2022-09-02 17:30:34.531,2,,GTX 6,"354616090360277",Sand Hollow,RENT
6240246,5427,5426,1783,2,2022-09-02 17:34:04.000,2022-09-02 17:54:35.000,2022-09-02 17:34:10.664,2022-09-02 17:54:41.769,2,,GTX 6,"354616090360277",Sand Hollow,RENT
6240646,5427,5426,1783,2,2022-09-02 17:56:37.000,2022-09-02 18:15:59.000,2022-09-02 17:56:43.683,2022-09-02 18:16:09.146,2,,GTX 6,"354616090360277",Sand Hollow,RENT
6241099,5427,5426,1783,2,2022-09-02 18:17:52.000,2022-09-02 18:37:18.000,2022-09-02 18:17:59.080,2022-09-02 18:37:24.386,2,,GTX 6,"354616090360277",Sand Hollow,RENT
6241453,5427,5426,1783,2,2022-09-02 18:38:58.000,2022-09-02 18:46:27.000,2022-09-02 18:39:04.911,2022-09-02 18:46:34.298,2,,GTX 6,"354616090360277",Sand Hollow,RENT
6241628,5427,5426,1783,2,2022-09-02 18:49:15.000,2022-09-02 19:02:14.000,2022-09-02 18:49:22.346,2022-09-02 19:02:20.916,2,,GTX 6,"354616090360277",Sand Hollow,RENT
6241901,5427,5426,1783,2,2022-09-02 19:04:08.000,2022-09-02 19:19:21.000,2022-09-02 19:04:15.252,2022-09-02 19:19:27.866,2,,GTX 6,"354616090360277",Sand Hollow,RENT
6243925,5427,5426,1783,2,2022-09-02 21:05:17.000,2022-09-02 21:14:42.000,2022-09-02 21:05:24.617,2022-09-02 21:25:01.740,2,,GTX 6,"354616090360277",Sand Hollow,RENT
6244161,5427,5426,1783,2,2022-09-02 21:26:32.000,2022-09-02 21:31:41.000,2022-09-02 21:26:39.066,2022-09-02 21:42:08.636,2,,GTX 6,"354616090360277",Sand Hollow,RENT
6244401,5427,5426,1783,2,2022-09-02 21:47:07.000,2022-09-02 21:51:19.000,2022-09-02 21:47:13.851,2022-09-02 22:01:39.654,2,,GTX 6,"354616090360277",Sand Hollow,RENT
6268281,5427,5426,1783,2,2022-09-03 16:17:36.000,2022-09-03 18:21:07.000,2022-09-03 16:17:42.482,2022-09-03 18:34:30.362,2,18000,GTX 6,"354616090360277",Sand Hollow,RENT
6271853,5427,5426,1783,2,2022-09-03 18:42:25.000,2022-09-03 19:00:24.000,2022-09-03 18:42:31.966,2022-09-03 19:10:45.065,2,,GTX 6,"354616090360277",Sand Hollow,RENT
6309335,5427,5426,1783,2,2022-09-04 23:19:28.000,2022-09-04 23:22:12.000,2022-09-04 23:19:35.489,2022-09-04 23:22:18.920,2,,GTX 6,"354616090360277",Sand Hollow,RENT
6309534,5427,5426,1783,2,2022-09-04 23:32:20.000,2022-09-05 01:35:45.000,2022-09-04 23:32:27.093,2022-09-05 01:35:52.309,2,,GTX 6,"354616090360277",Sand Hollow,RENT
6768493,5427,5426,1783,2,2022-09-24 19:41:09.000,2022-09-24 19:43:38.000,2022-09-24 19:41:15.250,2022-09-24 19:43:45.013,2,,GTX 6,"354616090360277",Sand Hollow,RENT
6769031,5427,5426,1783,2,2022-09-24 21:19:43.000,2022-09-24 23:01:29.000,2022-09-24 21:19:50.625,2022-09-24 23:01:36.328,2,,GTX 6,"354616090360277",Sand Hollow,RENT
6788730,5427,5426,1783,2,2022-09-25 16:45:48.000,2022-09-25 21:56:48.000,2022-09-25 16:45:54.983,2022-09-25 22:07:16.138,2,7200,GTX 6,"354616090360277",Sand Hollow,RENT
6797561,5427,5426,1783,2,2022-09-25 22:09:55.000,2022-09-25 22:13:58.000,2022-09-25 22:10:02.147,2022-09-25 22:24:22.495,2,,GTX 6,"354616090360277",Sand Hollow,RENT
6817447,5427,5426,1783,2,2022-09-26 19:00:30.000,2022-09-26 19:53:54.000,2022-09-26 19:00:36.749,2022-09-26 20:08:11.679,2,7200,GTX 6,"354616090360277",Sand Hollow,RENT
6818232,5427,5426,1783,2,2022-09-26 20:12:34.000,2022-09-26 20:48:41.000,2022-09-26 20:12:41.668,2022-09-26 20:59:01.465,2,,GTX 6,"354616090360277",Sand Hollow,RENT
6844784,5427,5426,1783,2,2022-09-28 21:07:00.000,2022-09-28 21:23:53.000,2022-09-28 21:07:09.117,2022-09-28 21:24:00.408,2,,GTX 6,"354616090360277",Sand Hollow,RENT
6844829,5427,5426,1783,2,2022-09-28 21:29:34.000,2022-09-28 21:39:00.000,2022-09-28 21:29:42.073,2022-09-28 21:39:07.737,2,,GTX 6,"354616090360277",Sand Hollow,RENT
6937296,5427,5426,1783,2,2022-10-14 20:52:24.000,2022-10-14 22:50:54.000,2022-10-14 20:52:33.936,2022-10-14 23:01:21.119,2,7200,GTX 6,"354616090360277",Sand Hollow,RENT
6940785,5427,5426,1783,2,2022-10-15 15:44:55.000,2022-10-15 17:23:38.000,2022-10-15 15:45:02.459,2022-10-15 17:23:45.384,2,,GTX 6,"354616090360277",Sand Hollow,RENT
11556087,5427,5426,1783,1,2023-10-10 20:20:59.000,2023-10-10 20:48:32.000,2023-10-10 20:21:52.363,2023-10-10 20:59:54.403,2,,GTX 6,"354616090360277",Sand Hollow,MASTER
11568469,5427,5426,1783,1,2023-10-12 20:06:47.000,2023-10-12 21:54:02.000,2023-10-12 20:06:53.728,2023-10-12 22:05:51.511,2,,GTX 6,"354616090360277",Sand Hollow,MASTER
11626059,5427,5426,1783,1,2023-10-18 22:25:05.000,2023-10-18 22:45:23.000,2023-10-18 22:25:11.285,2023-10-18 22:54:38.040,2,,GTX 6,"354616090360277",Sand Hollow,MASTER
11629812,5427,5426,1783,1,2023-10-19 19:55:40.000,2023-10-19 21:58:40.000,2023-10-19 19:55:46.412,2023-10-19 22:10:00.851,2,,GTX 6,"354616090360277",Sand Hollow,MASTER
11632690,5427,5426,1783,1,2023-10-20 16:45:04.000,2023-10-20 18:51:25.000,2023-10-20 16:45:10.617,2023-10-20 19:02:45.238,2,,GTX 6,"354616090360277",Sand Hollow,MASTER
11632886,5427,5426,1783,1,2023-10-20 19:48:43.000,2023-10-20 20:39:57.000,2023-10-20 19:48:49.811,2023-10-20 20:40:03.591,2,,GTX 6,"354616090360277",Sand Hollow,MASTER
11632956,5427,5426,1783,1,2023-10-20 20:40:19.000,2023-10-20 20:55:12.000,2023-10-20 20:40:25.954,2023-10-20 20:55:18.217,2,,GTX 6,"354616090360277",Sand Hollow,MASTER
11632976,5427,5426,1783,1,2023-10-20 20:56:40.000,2023-10-20 21:23:18.000,2023-10-20 20:56:46.592,2023-10-20 21:23:24.634,2,,GTX 6,"354616090360277",Sand Hollow,MASTER
11653143,5427,5426,1783,1,2023-10-25 19:30:14.000,2023-10-25 21:33:14.000,2023-10-25 19:30:20.045,2023-10-25 21:33:20.819,2,,GTX 6,"354616090360277",Sand Hollow,MASTER
11663405,5427,5426,1783,1,2023-10-27 21:14:30.000,2023-10-27 21:51:39.000,2023-10-27 21:14:36.494,2023-10-27 22:01:55.094,2,,GTX 6,"354616090360277",Sand Hollow,MASTER
